data_id,name,segment_id,route_alternative,requested_time,timestamp,day_in_week,day_type,duration,static_duration,distance,speed,url,polyline,is_valid,valid_code,hausdorff_distance,hausdorff_pass,link_id,date,hour_of_day,iso_week,weekday_index,daytype,is_holiday,holiday_name
317174669,s_1-5,1530526,1,00:00:00,2025-10-01 00:01:39+03:00,יום ד,ערב חג,182,181,4661,92.1956,https://tdr.mpayer.co.il/external/recording?s=1530526&d=317174669&a=1&du=182,udrbEofisExL{EjHaCfCcAjBeAlCiBlEqDdCuCdBcCpDgGjAyBjFkJz@uA|@oAvC_Fr[wf@nBeD`GuIdH}KpE}G~MaThCoDxDwFlQsVrHoK,True,2,1.61729e-09,True,s_1-5,2025-10-01,0,40,2.0,weekday,False,
317175789,s_1-5,1530526,1,00:15:00,2025-10-01 00:15:36+03:00,יום ד,ערב חג,190,181,4661,88.3137,https://tdr.mpayer.co.il/external/recording?s=1530526&d=317175789&a=1&du=190,udrbEofisExL{EjHaCfCcAjBeAlCiBlEqDdCuCdBcCpDgGjAyBjFkJz@uA|@oAvC_Fr[wf@nBeD`GuIdH}KpE}G~MaThCoDxDwFlQsVrHoK,True,2,1.61729e-09,True,s_1-5,2025-10-01,0,40,2.0,weekday,False,
317182932,s_1-5,1530526,1,00:30:00,2025-10-01 00:31:42+03:00,יום ד,ערב חג,185,181,4661,90.7005,https://tdr.mpayer.co.il/external/recording?s=1530526&d=317182932&a=1&du=185,udrbEofisExL{EjHaCfCcAjBeAlCiBlEqDdCuCdBcCpDgGjAyBjFkJz@uA|@oAvC_Fr[wf@nBeD`GuIdH}KpE}G~MaThCoDxDwFlQsVrHoK,True,2,1.61729e-09,True,s_1-5,2025-10-01,0,40,2.0,weekday,False,
317184249,s_1-5,1530526,1,00:45:00,2025-10-01 00:45:35+03:00,יום ד,ערב חג,170,181,4661,98.7035,https://tdr.mpayer.co.il/external/recording?s=1530526&d=317184249&a=1&du=170,udrbEofisExL{EjHaCfCcAjBeAlCiBlEqDdCuCdBcCpDgGjAyBjFkJz@uA|@oAvC_Fr[wf@nBeD`GuIdH}KpE}G~MaThCoDxDwFlQsVrHoK,True,2,1.61729e-09,True,s_1-5,2025-10-01,0,40,2.0,weekday,False,
317188684,s_1-5,1530526,1,01:00:00,2025-10-01 01:01:46+03:00,יום ד,ערב חג,169,181,4661,99.2876,https://tdr.mpayer.co.il/external/recording?s=1530526&d=317188684&a=1&du=169,udrbEofisExL{EjHaCfCcAjBeAlCiBlEqDdCuCdBcCpDgGjAyBjFkJz@uA|@oAvC_Fr[wf@nBeD`GuIdH}KpE}G~MaThCoDxDwFlQsVrHoK,True,2,1.61729e-09,True,s_1-5,2025-10-01,1,40,2.0,weekday,False,
317190175,s_1-5,1530526,1,01:15:00,2025-10-01 01:15:36+03:00,יום ד,ערב חג,174,181,4661,96.4345,https://tdr.mpayer.co.il/external/recording?s=1530526&d=317190175&a=1&du=174,udrbEofisExL{EjHaCfCcAjBeAlCiBlEqDdCuCdBcCpDgGjAyBjFkJz@uA|@oAvC_Fr[wf@nBeD`GuIdH}KpE}G~MaThCoDxDwFlQsVrHoK,True,2,1.61729e-09,True,s_1-5,2025-10-01,1,40,2.0,weekday,False,
317194787,s_1-5,1530526,1,01:30:00,2025-10-01 01:31:41+03:00,יום ד,ערב חג,172,181,4661,97.5558,https://tdr.mpayer.co.il/external/recording?s=1530526&d=317194787&a=1&du=172,udrbEofisExL{EjHaCfCcAjBeAlCiBlEqDdCuCdBcCpDgGjAyBjFkJz@uA|@oAvC_Fr[wf@nBeD`GuIdH}KpE}G~MaThCoDxDwFlQsVrHoK,True,2,1.61729e-09,True,s_1-5,2025-10-01,1,40,2.0,weekday,False,
317195784,s_1-5,1530526,1,01:45:00,2025-10-01 01:45:37+03:00,יום ד,ערב חג,168,181,4661,99.8786,https://tdr.mpayer.co.il/external/recording?s=1530526&d=317195784&a=1&du=168,udrbEofisExL{EjHaCfCcAjBeAlCiBlEqDdCuCdBcCpDgGjAyBjFkJz@uA|@oAvC_Fr[wf@nBeD`GuIdH}KpE}G~MaThCoDxDwFlQsVrHoK,True,2,1.61729e-09,True,s_1-5,2025-10-01,1,40,2.0,weekday,False,
317200259,s_1-5,1530526,1,02:00:00,2025-10-01 02:01:44+03:00,יום ד,ערב חג,174,181,4661,96.4345,https://tdr.mpayer.co.il/external/recording?s=1530526&d=317200259&a=1&du=174,udrbEofisExL{EjHaCfCcAjBeAlCiBlEqDdCuCdBcCpDgGjAyBjFkJz@uA|@oAvC_Fr[wf@nBeD`GuIdH}KpE}G~MaThCoDxDwFlQsVrHoK,True,2,1.61729e-09,True,s_1-5,2025-10-01,2,40,2.0,weekday,False,
317201931,s_1-5,1530526,1,02:15:00,2025-10-01 02:15:34+03:00,יום ד,ערב חג,173,181,4661,96.9919,https://tdr.mpayer.co.il/external/recording?s=1530526&d=317201931&a=1&du=173,udrbEofisExL{EjHaCfCcAjBeAlCiBlEqDdCuCdBcCpDgGjAyBjFkJz@uA|@oAvC_Fr[wf@nBeD`GuIdH}KpE}G~MaThCoDxDwFlQsVrHoK,True,2,1.61729e-09,True,s_1-5,2025-10-01,2,40,2.0,weekday,False,
317206643,s_1-5,1530526,1,02:30:00,2025-10-01 02:31:43+03:00,יום ד,ערב חג,175,181,4661,95.8834,https://tdr.mpayer.co.il/external/recording?s=1530526&d=317206643&a=1&du=175,udrbEofisExL{EjHaCfCcAjBeAlCiBlEqDdCuCdBcCpDgGjAyBjFkJz@uA|@oAvC_Fr[wf@nBeD`GuIdH}KpE}G~MaThCoDxDwFlQsVrHoK,True,2,1.61729e-09,True,s_1-5,2025-10-01,2,40,2.0,weekday,False,
317207328,s_1-5,1530526,1,02:45:00,2025-10-01 02:45:34+03:00,יום ד,ערב חג,169,181,4661,99.2876,https://tdr.mpayer.co.il/external/recording?s=1530526&d=317207328&a=1&du=169,udrbEofisExL{EjHaCfCcAjBeAlCiBlEqDdCuCdBcCpDgGjAyBjFkJz@uA|@oAvC_Fr[wf@nBeD`GuIdH}KpE}G~MaThCoDxDwFlQsVrHoK,True,2,1.61729e-09,True,s_1-5,2025-10-01,2,40,2.0,weekday,False,
317212172,s_1-5,1530526,1,03:00:00,2025-10-01 03:01:43+03:00,יום ד,ערב חג,177,181,4661,94.8,https://tdr.mpayer.co.il/external/recording?s=1530526&d=317212172&a=1&du=177,udrbEofisExL{EjHaCfCcAjBeAlCiBlEqDdCuCdBcCpDgGjAyBjFkJz@uA|@oAvC_Fr[wf@nBeD`GuIdH}KpE}G~MaThCoDxDwFlQsVrHoK,True,2,1.61729e-09,True,s_1-5,2025-10-01,3,40,2.0,weekday,False,
317213728,s_1-5,1530526,1,03:15:00,2025-10-01 03:15:35+03:00,יום ד,ערב חג,171,181,4661,98.1263,https://tdr.mpayer.co.il/external/recording?s=1530526&d=317213728&a=1&du=171,udrbEofisExL{EjHaCfCcAjBeAlCiBlEqDdCuCdBcCpDgGjAyBjFkJz@uA|@oAvC_Fr[wf@nBeD`GuIdH}KpE}G~MaThCoDxDwFlQsVrHoK,True,2,1.61729e-09,True,s_1-5,2025-10-01,3,40,2.0,weekday,False,
317218343,s_1-5,1530526,1,03:30:00,2025-10-01 03:31:43+03:00,יום ד,ערב חג,170,181,4661,98.7035,https://tdr.mpayer.co.il/external/recording?s=1530526&d=317218343&a=1&du=170,udrbEofisExL{EjHaCfCcAjBeAlCiBlEqDdCuCdBcCpDgGjAyBjFkJz@uA|@oAvC_Fr[wf@nBeD`GuIdH}KpE}G~MaThCoDxDwFlQsVrHoK,True,2,1.61729e-09,True,s_1-5,2025-10-01,3,40,2.0,weekday,False,
317219620,s_1-5,1530526,1,03:45:00,2025-10-01 03:45:36+03:00,יום ד,ערב חג,172,181,4661,97.5558,https://tdr.mpayer.co.il/external/recording?s=1530526&d=317219620&a=1&du=172,udrbEofisExL{EjHaCfCcAjBeAlCiBlEqDdCuCdBcCpDgGjAyBjFkJz@uA|@oAvC_Fr[wf@nBeD`GuIdH}KpE}G~MaThCoDxDwFlQsVrHoK,True,2,1.61729e-09,True,s_1-5,2025-10-01,3,40,2.0,weekday,False,
317224012,s_1-5,1530526,1,04:00:00,2025-10-01 04:01:43+03:00,יום ד,ערב חג,174,181,4661,96.4345,https://tdr.mpayer.co.il/external/recording?s=1530526&d=317224012&a=1&du=174,udrbEofisExL{EjHaCfCcAjBeAlCiBlEqDdCuCdBcCpDgGjAyBjFkJz@uA|@oAvC_Fr[wf@nBeD`GuIdH}KpE}G~MaThCoDxDwFlQsVrHoK,True,2,1.61729e-09,True,s_1-5,2025-10-01,4,40,2.0,weekday,False,
317225051,s_1-5,1530526,1,04:15:00,2025-10-01 04:15:47+03:00,יום ד,ערב חג,170,181,4661,98.7035,https://tdr.mpayer.co.il/external/recording?s=1530526&d=317225051&a=1&du=170,udrbEofisExL{EjHaCfCcAjBeAlCiBlEqDdCuCdBcCpDgGjAyBjFkJz@uA|@oAvC_Fr[wf@nBeD`GuIdH}KpE}G~MaThCoDxDwFlQsVrHoK,True,2,1.61729e-09,True,s_1-5,2025-10-01,4,40,2.0,weekday,False,
317230045,s_1-5,1530526,1,04:30:00,2025-10-01 04:31:52+03:00,יום ד,ערב חג,178,181,4661,94.2674,https://tdr.mpayer.co.il/external/recording?s=1530526&d=317230045&a=1&du=178,udrbEofisExL{EjHaCfCcAjBeAlCiBlEqDdCuCdBcCpDgGjAyBjFkJz@uA|@oAvC_Fr[wf@nBeD`GuIdH}KpE}G~MaThCoDxDwFlQsVrHoK,True,2,1.61729e-09,True,s_1-5,2025-10-01,4,40,2.0,weekday,False,
317230853,s_1-5,1530526,1,04:45:00,2025-10-01 04:45:41+03:00,יום ד,ערב חג,176,181,4661,95.3386,https://tdr.mpayer.co.il/external/recording?s=1530526&d=317230853&a=1&du=176,udrbEofisExL{EjHaCfCcAjBeAlCiBlEqDdCuCdBcCpDgGjAyBjFkJz@uA|@oAvC_Fr[wf@nBeD`GuIdH}KpE}G~MaThCoDxDwFlQsVrHoK,True,2,1.61729e-09,True,s_1-5,2025-10-01,4,40,2.0,weekday,False,
317235694,s_1-5,1530526,1,05:00:00,2025-10-01 05:02:10+03:00,יום ד,ערב חג,177,181,4661,94.8,https://tdr.mpayer.co.il/external/recording?s=1530526&d=317235694&a=1&du=177,udrbEofisExL{EjHaCfCcAjBeAlCiBlEqDdCuCdBcCpDgGjAyBjFkJz@uA|@oAvC_Fr[wf@nBeD`GuIdH}KpE}G~MaThCoDxDwFlQsVrHoK,True,2,1.61729e-09,True,s_1-5,2025-10-01,5,40,2.0,weekday,False,
317236822,s_1-5,1530526,1,05:15:00,2025-10-01 05:16:04+03:00,יום ד,ערב חג,171,181,4661,98.1263,https://tdr.mpayer.co.il/external/recording?s=1530526&d=317236822&a=1&du=171,udrbEofisExL{EjHaCfCcAjBeAlCiBlEqDdCuCdBcCpDgGjAyBjFkJz@uA|@oAvC_Fr[wf@nBeD`GuIdH}KpE}G~MaThCoDxDwFlQsVrHoK,True,2,1.61729e-09,True,s_1-5,2025-10-01,5,40,2.0,weekday,False,
317241891,s_1-5,1530526,1,05:30:00,2025-10-01 05:31:39+03:00,יום ד,ערב חג,167,181,4661,100.477,https://tdr.mpayer.co.il/external/recording?s=1530526&d=317241891&a=1&du=167,udrbEofisExL{EjHaCfCcAjBeAlCiBlEqDdCuCdBcCpDgGjAyBjFkJz@uA|@oAvC_Fr[wf@nBeD`GuIdH}KpE}G~MaThCoDxDwFlQsVrHoK,True,2,1.61729e-09,True,s_1-5,2025-10-01,5,40,2.0,weekday,False,
317243367,s_1-5,1530526,1,05:45:00,2025-10-01 05:45:40+03:00,יום ד,ערב חג,167,181,4661,100.477,https://tdr.mpayer.co.il/external/recording?s=1530526&d=317243367&a=1&du=167,udrbEofisExL{EjHaCfCcAjBeAlCiBlEqDdCuCdBcCpDgGjAyBjFkJz@uA|@oAvC_Fr[wf@nBeD`GuIdH}KpE}G~MaThCoDxDwFlQsVrHoK,True,2,1.61729e-09,True,s_1-5,2025-10-01,5,40,2.0,weekday,False,
317247419,s_1-5,1530526,1,06:00:00,2025-10-01 06:01:42+03:00,יום ד,ערב חג,170,181,4661,98.7035,https://tdr.mpayer.co.il/external/recording?s=1530526&d=317247419&a=1&du=170,udrbEofisExL{EjHaCfCcAjBeAlCiBlEqDdCuCdBcCpDgGjAyBjFkJz@uA|@oAvC_Fr[wf@nBeD`GuIdH}KpE}G~MaThCoDxDwFlQsVrHoK,True,2,1.61729e-09,True,s_1-5,2025-10-01,6,40,2.0,weekday,False,
317249197,s_1-5,1530526,1,06:15:00,2025-10-01 06:15:38+03:00,יום ד,ערב חג,172,181,4661,97.5558,https://tdr.mpayer.co.il/external/recording?s=1530526&d=317249197&a=1&du=172,udrbEofisExL{EjHaCfCcAjBeAlCiBlEqDdCuCdBcCpDgGjAyBjFkJz@uA|@oAvC_Fr[wf@nBeD`GuIdH}KpE}G~MaThCoDxDwFlQsVrHoK,True,2,1.61729e-09,True,s_1-5,2025-10-01,6,40,2.0,weekday,False,
317254492,s_1-5,1530526,1,06:30:00,2025-10-01 06:31:43+03:00,יום ד,ערב חג,174,181,4661,96.4345,https://tdr.mpayer.co.il/external/recording?s=1530526&d=317254492&a=1&du=174,udrbEofisExL{EjHaCfCcAjBeAlCiBlEqDdCuCdBcCpDgGjAyBjFkJz@uA|@oAvC_Fr[wf@nBeD`GuIdH}KpE}G~MaThCoDxDwFlQsVrHoK,True,2,1.61729e-09,True,s_1-5,2025-10-01,6,40,2.0,weekday,False,
317255966,s_1-5,1530526,1,06:45:00,2025-10-01 06:45:37+03:00,יום ד,ערב חג,170,181,4661,98.7035,https://tdr.mpayer.co.il/external/recording?s=1530526&d=317255966&a=1&du=170,udrbEofisExL{EjHaCfCcAjBeAlCiBlEqDdCuCdBcCpDgGjAyBjFkJz@uA|@oAvC_Fr[wf@nBeD`GuIdH}KpE}G~MaThCoDxDwFlQsVrHoK,True,2,1.61729e-09,True,s_1-5,2025-10-01,6,40,2.0,weekday,False,
317261382,s_1-5,1530526,1,07:00:00,2025-10-01 07:01:45+03:00,יום ד,ערב חג,178,181,4661,94.2674,https://tdr.mpayer.co.il/external/recording?s=1530526&d=317261382&a=1&du=178,udrbEofisExL{EjHaCfCcAjBeAlCiBlEqDdCuCdBcCpDgGjAyBjFkJz@uA|@oAvC_Fr[wf@nBeD`GuIdH}KpE}G~MaThCoDxDwFlQsVrHoK,True,2,1.61729e-09,True,s_1-5,2025-10-01,7,40,2.0,weekday,False,
317262302,s_1-5,1530526,1,07:15:00,2025-10-01 07:15:42+03:00,יום ד,ערב חג,175,181,4661,95.8834,https://tdr.mpayer.co.il/external/recording?s=1530526&d=317262302&a=1&du=175,udrbEofisExL{EjHaCfCcAjBeAlCiBlEqDdCuCdBcCpDgGjAyBjFkJz@uA|@oAvC_Fr[wf@nBeD`GuIdH}KpE}G~MaThCoDxDwFlQsVrHoK,True,2,1.61729e-09,True,s_1-5,2025-10-01,7,40,2.0,weekday,False,
317268045,s_1-5,1530526,1,07:30:00,2025-10-01 07:31:43+03:00,יום ד,ערב חג,179,181,4661,93.7408,https://tdr.mpayer.co.il/external/recording?s=1530526&d=317268045&a=1&du=179,udrbEofisExL{EjHaCfCcAjBeAlCiBlEqDdCuCdBcCpDgGjAyBjFkJz@uA|@oAvC_Fr[wf@nBeD`GuIdH}KpE}G~MaThCoDxDwFlQsVrHoK,True,2,1.61729e-09,True,s_1-5,2025-10-01,7,40,2.0,weekday,False,
317268375,s_1-5,1530526,1,07:45:00,2025-10-01 07:45:39+03:00,יום ד,ערב חג,184,181,4661,91.1935,https://tdr.mpayer.co.il/external/recording?s=1530526&d=317268375&a=1&du=184,udrbEofisExL{EjHaCfCcAjBeAlCiBlEqDdCuCdBcCpDgGjAyBjFkJz@uA|@oAvC_Fr[wf@nBeD`GuIdH}KpE}G~MaThCoDxDwFlQsVrHoK,True,2,1.61729e-09,True,s_1-5,2025-10-01,7,40,2.0,weekday,False,
317275019,s_1-5,1530526,1,08:00:00,2025-10-01 08:01:47+03:00,יום ד,ערב חג,179,181,4661,93.7408,https://tdr.mpayer.co.il/external/recording?s=1530526&d=317275019&a=1&du=179,udrbEofisExL{EjHaCfCcAjBeAlCiBlEqDdCuCdBcCpDgGjAyBjFkJz@uA|@oAvC_Fr[wf@nBeD`GuIdH}KpE}G~MaThCoDxDwFlQsVrHoK,True,2,1.61729e-09,True,s_1-5,2025-10-01,8,40,2.0,weekday,False,
317275389,s_1-5,1530526,1,08:15:00,2025-10-01 08:15:39+03:00,יום ד,ערב חג,178,181,4661,94.2674,https://tdr.mpayer.co.il/external/recording?s=1530526&d=317275389&a=1&du=178,udrbEofisExL{EjHaCfCcAjBeAlCiBlEqDdCuCdBcCpDgGjAyBjFkJz@uA|@oAvC_Fr[wf@nBeD`GuIdH}KpE}G~MaThCoDxDwFlQsVrHoK,True,2,1.61729e-09,True,s_1-5,2025-10-01,8,40,2.0,weekday,False,
317282628,s_1-5,1530526,1,08:30:00,2025-10-01 08:31:43+03:00,יום ד,ערב חג,177,181,4661,94.8,https://tdr.mpayer.co.il/external/recording?s=1530526&d=317282628&a=1&du=177,udrbEofisExL{EjHaCfCcAjBeAlCiBlEqDdCuCdBcCpDgGjAyBjFkJz@uA|@oAvC_Fr[wf@nBeD`GuIdH}KpE}G~MaThCoDxDwFlQsVrHoK,True,2,1.61729e-09,True,s_1-5,2025-10-01,8,40,2.0,weekday,False,
317283918,s_1-5,1530526,1,08:45:00,2025-10-01 08:45:39+03:00,יום ד,ערב חג,173,181,4661,96.9919,https://tdr.mpayer.co.il/external/recording?s=1530526&d=317283918&a=1&du=173,udrbEofisExL{EjHaCfCcAjBeAlCiBlEqDdCuCdBcCpDgGjAyBjFkJz@uA|@oAvC_Fr[wf@nBeD`GuIdH}KpE}G~MaThCoDxDwFlQsVrHoK,True,2,1.61729e-09,True,s_1-5,2025-10-01,8,40,2.0,weekday,False,
317284203,s_1-5,1530526,1,09:00:00,2025-10-01 09:01:45+03:00,יום ד,ערב חג,173,181,4661,96.9919,https://tdr.mpayer.co.il/external/recording?s=1530526&d=317284203&a=1&du=173,udrbEofisExL{EjHaCfCcAjBeAlCiBlEqDdCuCdBcCpDgGjAyBjFkJz@uA|@oAvC_Fr[wf@nBeD`GuIdH}KpE}G~MaThCoDxDwFlQsVrHoK,True,2,1.61729e-09,True,s_1-5,2025-10-01,9,40,2.0,weekday,False,
317290466,s_1-5,1530526,1,09:15:00,2025-10-01 09:15:39+03:00,יום ד,ערב חג,176,181,4661,95.3386,https://tdr.mpayer.co.il/external/recording?s=1530526&d=317290466&a=1&du=176,udrbEofisExL{EjHaCfCcAjBeAlCiBlEqDdCuCdBcCpDgGjAyBjFkJz@uA|@oAvC_Fr[wf@nBeD`GuIdH}KpE}G~MaThCoDxDwFlQsVrHoK,True,2,1.61729e-09,True,s_1-5,2025-10-01,9,40,2.0,weekday,False,
317291110,s_1-5,1530526,1,09:30:00,2025-10-01 09:31:44+03:00,יום ד,ערב חג,175,181,4661,95.8834,https://tdr.mpayer.co.il/external/recording?s=1530526&d=317291110&a=1&du=175,udrbEofisExL{EjHaCfCcAjBeAlCiBlEqDdCuCdBcCpDgGjAyBjFkJz@uA|@oAvC_Fr[wf@nBeD`GuIdH}KpE}G~MaThCoDxDwFlQsVrHoK,True,2,1.61729e-09,True,s_1-5,2025-10-01,9,40,2.0,weekday,False,
317298837,s_1-5,1530526,1,09:45:00,2025-10-01 09:45:38+03:00,יום ד,ערב חג,174,181,4661,96.4345,https://tdr.mpayer.co.il/external/recording?s=1530526&d=317298837&a=1&du=174,udrbEofisExL{EjHaCfCcAjBeAlCiBlEqDdCuCdBcCpDgGjAyBjFkJz@uA|@oAvC_Fr[wf@nBeD`GuIdH}KpE}G~MaThCoDxDwFlQsVrHoK,True,2,1.61729e-09,True,s_1-5,2025-10-01,9,40,2.0,weekday,False,
317299630,s_1-5,1530526,1,10:00:00,2025-10-01 10:01:45+03:00,יום ד,ערב חג,177,181,4661,94.8,https://tdr.mpayer.co.il/external/recording?s=1530526&d=317299630&a=1&du=177,udrbEofisExL{EjHaCfCcAjBeAlCiBlEqDdCuCdBcCpDgGjAyBjFkJz@uA|@oAvC_Fr[wf@nBeD`GuIdH}KpE}G~MaThCoDxDwFlQsVrHoK,True,2,1.61729e-09,True,s_1-5,2025-10-01,10,40,2.0,weekday,False,
317299967,s_1-5,1530526,1,10:15:00,2025-10-01 10:15:37+03:00,יום ד,ערב חג,174,181,4661,96.4345,https://tdr.mpayer.co.il/external/recording?s=1530526&d=317299967&a=1&du=174,udrbEofisExL{EjHaCfCcAjBeAlCiBlEqDdCuCdBcCpDgGjAyBjFkJz@uA|@oAvC_Fr[wf@nBeD`GuIdH}KpE}G~MaThCoDxDwFlQsVrHoK,True,2,1.61729e-09,True,s_1-5,2025-10-01,10,40,2.0,weekday,False,
317308119,s_1-5,1530526,1,10:30:00,2025-10-01 10:31:43+03:00,יום ד,ערב חג,174,181,4661,96.4345,https://tdr.mpayer.co.il/external/recording?s=1530526&d=317308119&a=1&du=174,udrbEofisExL{EjHaCfCcAjBeAlCiBlEqDdCuCdBcCpDgGjAyBjFkJz@uA|@oAvC_Fr[wf@nBeD`GuIdH}KpE}G~MaThCoDxDwFlQsVrHoK,True,2,1.61729e-09,True,s_1-5,2025-10-01,10,40,2.0,weekday,False,
317308246,s_1-5,1530526,1,10:45:00,2025-10-01 10:45:40+03:00,יום ד,ערב חג,174,181,4661,96.4345,https://tdr.mpayer.co.il/external/recording?s=1530526&d=317308246&a=1&du=174,udrbEofisExL{EjHaCfCcAjBeAlCiBlEqDdCuCdBcCpDgGjAyBjFkJz@uA|@oAvC_Fr[wf@nBeD`GuIdH}KpE}G~MaThCoDxDwFlQsVrHoK,True,2,1.61729e-09,True,s_1-5,2025-10-01,10,40,2.0,weekday,False,
317315150,s_1-5,1530526,1,11:00:00,2025-10-01 11:01:43+03:00,יום ד,ערב חג,176,181,4661,95.3386,https://tdr.mpayer.co.il/external/recording?s=1530526&d=317315150&a=1&du=176,udrbEofisExL{EjHaCfCcAjBeAlCiBlEqDdCuCdBcCpDgGjAyBjFkJz@uA|@oAvC_Fr[wf@nBeD`GuIdH}KpE}G~MaThCoDxDwFlQsVrHoK,True,2,1.61729e-09,True,s_1-5,2025-10-01,11,40,2.0,weekday,False,
317315296,s_1-5,1530526,1,11:15:00,2025-10-01 11:15:41+03:00,יום ד,ערב חג,178,181,4661,94.2674,https://tdr.mpayer.co.il/external/recording?s=1530526&d=317315296&a=1&du=178,udrbEofisExL{EjHaCfCcAjBeAlCiBlEqDdCuCdBcCpDgGjAyBjFkJz@uA|@oAvC_Fr[wf@nBeD`GuIdH}KpE}G~MaThCoDxDwFlQsVrHoK,True,2,1.61729e-09,True,s_1-5,2025-10-01,11,40,2.0,weekday,False,
317322608,s_1-5,1530526,1,11:30:00,2025-10-01 11:31:39+03:00,יום ד,ערב חג,178,181,4661,94.2674,https://tdr.mpayer.co.il/external/recording?s=1530526&d=317322608&a=1&du=178,udrbEofisExL{EjHaCfCcAjBeAlCiBlEqDdCuCdBcCpDgGjAyBjFkJz@uA|@oAvC_Fr[wf@nBeD`GuIdH}KpE}G~MaThCoDxDwFlQsVrHoK,True,2,1.61729e-09,True,s_1-5,2025-10-01,11,40,2.0,weekday,False,
317323632,s_1-5,1530526,1,11:45:00,2025-10-01 11:45:40+03:00,יום ד,ערב חג,179,181,4661,93.7408,https://tdr.mpayer.co.il/external/recording?s=1530526&d=317323632&a=1&du=179,udrbEofisExL{EjHaCfCcAjBeAlCiBlEqDdCuCdBcCpDgGjAyBjFkJz@uA|@oAvC_Fr[wf@nBeD`GuIdH}KpE}G~MaThCoDxDwFlQsVrHoK,True,2,1.61729e-09,True,s_1-5,2025-10-01,11,40,2.0,weekday,False,
317324332,s_1-5,1530526,1,12:00:00,2025-10-01 12:01:43+03:00,יום ד,ערב חג,181,181,4661,92.705,https://tdr.mpayer.co.il/external/recording?s=1530526&d=317324332&a=1&du=181,udrbEofisExL{EjHaCfCcAjBeAlCiBlEqDdCuCdBcCpDgGjAyBjFkJz@uA|@oAvC_Fr[wf@nBeD`GuIdH}KpE}G~MaThCoDxDwFlQsVrHoK,True,2,1.61729e-09,True,s_1-5,2025-10-01,12,40,2.0,weekday,False,
317330195,s_1-5,1530526,1,12:15:00,2025-10-01 12:15:39+03:00,יום ד,ערב חג,186,181,4661,90.2129,https://tdr.mpayer.co.il/external/recording?s=1530526&d=317330195&a=1&du=186,udrbEofisExL{EjHaCfCcAjBeAlCiBlEqDdCuCdBcCpDgGjAyBjFkJz@uA|@oAvC_Fr[wf@nBeD`GuIdH}KpE}G~MaThCoDxDwFlQsVrHoK,True,2,1.61729e-09,True,s_1-5,2025-10-01,12,40,2.0,weekday,False,
317331348,s_1-5,1530526,1,12:30:00,2025-10-01 12:31:41+03:00,יום ד,ערב חג,186,181,4661,90.2129,https://tdr.mpayer.co.il/external/recording?s=1530526&d=317331348&a=1&du=186,udrbEofisExL{EjHaCfCcAjBeAlCiBlEqDdCuCdBcCpDgGjAyBjFkJz@uA|@oAvC_Fr[wf@nBeD`GuIdH}KpE}G~MaThCoDxDwFlQsVrHoK,True,2,1.61729e-09,True,s_1-5,2025-10-01,12,40,2.0,weekday,False,
317336648,s_1-5,1530526,1,12:45:00,2025-10-01 12:45:39+03:00,יום ד,ערב חג,182,181,4661,92.1956,https://tdr.mpayer.co.il/external/recording?s=1530526&d=317336648&a=1&du=182,udrbEofisExL{EjHaCfCcAjBeAlCiBlEqDdCuCdBcCpDgGjAyBjFkJz@uA|@oAvC_Fr[wf@nBeD`GuIdH}KpE}G~MaThCoDxDwFlQsVrHoK,True,2,1.61729e-09,True,s_1-5,2025-10-01,12,40,2.0,weekday,False,
317337577,s_1-5,1530526,1,13:00:00,2025-10-01 13:01:43+03:00,יום ד,ערב חג,184,181,4661,91.1935,https://tdr.mpayer.co.il/external/recording?s=1530526&d=317337577&a=1&du=184,udrbEofisExL{EjHaCfCcAjBeAlCiBlEqDdCuCdBcCpDgGjAyBjFkJz@uA|@oAvC_Fr[wf@nBeD`GuIdH}KpE}G~MaThCoDxDwFlQsVrHoK,True,2,1.61729e-09,True,s_1-5,2025-10-01,13,40,2.0,weekday,False,
317343640,s_1-5,1530526,1,13:15:00,2025-10-01 13:15:39+03:00,יום ד,ערב חג,186,181,4661,90.2129,https://tdr.mpayer.co.il/external/recording?s=1530526&d=317343640&a=1&du=186,udrbEofisExL{EjHaCfCcAjBeAlCiBlEqDdCuCdBcCpDgGjAyBjFkJz@uA|@oAvC_Fr[wf@nBeD`GuIdH}KpE}G~MaThCoDxDwFlQsVrHoK,True,2,1.61729e-09,True,s_1-5,2025-10-01,13,40,2.0,weekday,False,
317344596,s_1-5,1530526,1,13:30:00,2025-10-01 13:31:43+03:00,יום ד,ערב חג,191,181,4661,87.8513,https://tdr.mpayer.co.il/external/recording?s=1530526&d=317344596&a=1&du=191,udrbEofisExL{EjHaCfCcAjBeAlCiBlEqDdCuCdBcCpDgGjAyBjFkJz@uA|@oAvC_Fr[wf@nBeD`GuIdH}KpE}G~MaThCoDxDwFlQsVrHoK,True,2,1.61729e-09,True,s_1-5,2025-10-01,13,40,2.0,weekday,False,
317352003,s_1-5,1530526,1,13:45:00,2025-10-01 13:45:39+03:00,יום ד,ערב חג,200,181,4661,83.898,https://tdr.mpayer.co.il/external/recording?s=1530526&d=317352003&a=1&du=200,udrbEofisExL{EjHaCfCcAjBeAlCiBlEqDdCuCdBcCpDgGjAyBjFkJz@uA|@oAvC_Fr[wf@nBeD`GuIdH}KpE}G~MaThCoDxDwFlQsVrHoK,True,2,1.61729e-09,True,s_1-5,2025-10-01,13,40,2.0,weekday,False,
317352998,s_1-5,1530526,1,14:00:00,2025-10-01 14:01:46+03:00,יום ד,ערב חג,184,181,4661,91.1935,https://tdr.mpayer.co.il/external/recording?s=1530526&d=317352998&a=1&du=184,udrbEofisExL{EjHaCfCcAjBeAlCiBlEqDdCuCdBcCpDgGjAyBjFkJz@uA|@oAvC_Fr[wf@nBeD`GuIdH}KpE}G~MaThCoDxDwFlQsVrHoK,True,2,1.61729e-09,True,s_1-5,2025-10-01,14,40,2.0,weekday,False,
317353259,s_1-5,1530526,1,14:15:00,2025-10-01 14:15:38+03:00,יום ד,ערב חג,192,181,4661,87.3938,https://tdr.mpayer.co.il/external/recording?s=1530526&d=317353259&a=1&du=192,udrbEofisExL{EjHaCfCcAjBeAlCiBlEqDdCuCdBcCpDgGjAyBjFkJz@uA|@oAvC_Fr[wf@nBeD`GuIdH}KpE}G~MaThCoDxDwFlQsVrHoK,True,2,1.61729e-09,True,s_1-5,2025-10-01,14,40,2.0,weekday,False,
317362548,s_1-5,1530526,1,14:30:00,2025-10-01 14:31:43+03:00,יום ד,ערב חג,183,181,4661,91.6918,https://tdr.mpayer.co.il/external/recording?s=1530526&d=317362548&a=1&du=183,udrbEofisExL{EjHaCfCcAjBeAlCiBlEqDdCuCdBcCpDgGjAyBjFkJz@uA|@oAvC_Fr[wf@nBeD`GuIdH}KpE}G~MaThCoDxDwFlQsVrHoK,True,2,1.61729e-09,True,s_1-5,2025-10-01,14,40,2.0,weekday,False,
317363693,s_1-5,1530526,1,14:45:00,2025-10-01 14:45:37+03:00,יום ד,ערב חג,181,181,4661,92.705,https://tdr.mpayer.co.il/external/recording?s=1530526&d=317363693&a=1&du=181,udrbEofisExL{EjHaCfCcAjBeAlCiBlEqDdCuCdBcCpDgGjAyBjFkJz@uA|@oAvC_Fr[wf@nBeD`GuIdH}KpE}G~MaThCoDxDwFlQsVrHoK,True,2,1.61729e-09,True,s_1-5,2025-10-01,14,40,2.0,weekday,False,
317364257,s_1-5,1530526,1,15:00:00,2025-10-01 15:01:44+03:00,יום ד,ערב חג,187,181,4661,89.7305,https://tdr.mpayer.co.il/external/recording?s=1530526&d=317364257&a=1&du=187,udrbEofisExL{EjHaCfCcAjBeAlCiBlEqDdCuCdBcCpDgGjAyBjFkJz@uA|@oAvC_Fr[wf@nBeD`GuIdH}KpE}G~MaThCoDxDwFlQsVrHoK,True,2,1.61729e-09,True,s_1-5,2025-10-01,15,40,2.0,weekday,False,
317369801,s_1-5,1530526,1,15:15:00,2025-10-01 15:15:38+03:00,יום ד,ערב חג,191,181,4661,87.8513,https://tdr.mpayer.co.il/external/recording?s=1530526&d=317369801&a=1&du=191,udrbEofisExL{EjHaCfCcAjBeAlCiBlEqDdCuCdBcCpDgGjAyBjFkJz@uA|@oAvC_Fr[wf@nBeD`GuIdH}KpE}G~MaThCoDxDwFlQsVrHoK,True,2,1.61729e-09,True,s_1-5,2025-10-01,15,40,2.0,weekday,False,
317371257,s_1-5,1530526,1,15:30:00,2025-10-01 15:31:43+03:00,יום ד,ערב חג,184,181,4661,91.1935,https://tdr.mpayer.co.il/external/recording?s=1530526&d=317371257&a=1&du=184,udrbEofisExL{EjHaCfCcAjBeAlCiBlEqDdCuCdBcCpDgGjAyBjFkJz@uA|@oAvC_Fr[wf@nBeD`GuIdH}KpE}G~MaThCoDxDwFlQsVrHoK,True,2,1.61729e-09,True,s_1-5,2025-10-01,15,40,2.0,weekday,False,
317378535,s_1-5,1530526,1,15:45:00,2025-10-01 15:45:36+03:00,יום ד,ערב חג,180,181,4661,93.22,https://tdr.mpayer.co.il/external/recording?s=1530526&d=317378535&a=1&du=180,udrbEofisExL{EjHaCfCcAjBeAlCiBlEqDdCuCdBcCpDgGjAyBjFkJz@uA|@oAvC_Fr[wf@nBeD`GuIdH}KpE}G~MaThCoDxDwFlQsVrHoK,True,2,1.61729e-09,True,s_1-5,2025-10-01,15,40,2.0,weekday,False,
317379646,s_1-5,1530526,1,16:00:00,2025-10-01 16:01:44+03:00,יום ד,ערב חג,174,181,4661,96.4345,https://tdr.mpayer.co.il/external/recording?s=1530526&d=317379646&a=1&du=174,udrbEofisExL{EjHaCfCcAjBeAlCiBlEqDdCuCdBcCpDgGjAyBjFkJz@uA|@oAvC_Fr[wf@nBeD`GuIdH}KpE}G~MaThCoDxDwFlQsVrHoK,True,2,1.61729e-09,True,s_1-5,2025-10-01,16,40,2.0,weekday,False,
317379806,s_1-5,1530526,1,16:15:00,2025-10-01 16:15:37+03:00,יום ד,ערב חג,175,181,4661,95.8834,https://tdr.mpayer.co.il/external/recording?s=1530526&d=317379806&a=1&du=175,udrbEofisExL{EjHaCfCcAjBeAlCiBlEqDdCuCdBcCpDgGjAyBjFkJz@uA|@oAvC_Fr[wf@nBeD`GuIdH}KpE}G~MaThCoDxDwFlQsVrHoK,True,2,1.61729e-09,True,s_1-5,2025-10-01,16,40,2.0,weekday,False,
317389027,s_1-5,1530526,1,16:30:00,2025-10-01 16:31:45+03:00,יום ד,ערב חג,169,181,4661,99.2876,https://tdr.mpayer.co.il/external/recording?s=1530526&d=317389027&a=1&du=169,udrbEofisExL{EjHaCfCcAjBeAlCiBlEqDdCuCdBcCpDgGjAyBjFkJz@uA|@oAvC_Fr[wf@nBeD`GuIdH}KpE}G~MaThCoDxDwFlQsVrHoK,True,2,1.61729e-09,True,s_1-5,2025-10-01,16,40,2.0,weekday,False,
317390130,s_1-5,1530526,1,16:45:00,2025-10-01 16:45:36+03:00,יום ד,ערב חג,173,181,4661,96.9919,https://tdr.mpayer.co.il/external/recording?s=1530526&d=317390130&a=1&du=173,udrbEofisExL{EjHaCfCcAjBeAlCiBlEqDdCuCdBcCpDgGjAyBjFkJz@uA|@oAvC_Fr[wf@nBeD`GuIdH}KpE}G~MaThCoDxDwFlQsVrHoK,True,2,1.61729e-09,True,s_1-5,2025-10-01,16,40,2.0,weekday,False,
317390718,s_1-5,1530526,1,17:00:00,2025-10-01 17:01:46+03:00,יום ד,ערב חג,174,181,4661,96.4345,https://tdr.mpayer.co.il/external/recording?s=1530526&d=317390718&a=1&du=174,udrbEofisExL{EjHaCfCcAjBeAlCiBlEqDdCuCdBcCpDgGjAyBjFkJz@uA|@oAvC_Fr[wf@nBeD`GuIdH}KpE}G~MaThCoDxDwFlQsVrHoK,True,2,1.61729e-09,True,s_1-5,2025-10-01,17,40,2.0,weekday,False,
317396215,s_1-5,1530526,1,17:15:00,2025-10-01 17:15:38+03:00,יום ד,ערב חג,174,181,4661,96.4345,https://tdr.mpayer.co.il/external/recording?s=1530526&d=317396215&a=1&du=174,udrbEofisExL{EjHaCfCcAjBeAlCiBlEqDdCuCdBcCpDgGjAyBjFkJz@uA|@oAvC_Fr[wf@nBeD`GuIdH}KpE}G~MaThCoDxDwFlQsVrHoK,True,2,1.61729e-09,True,s_1-5,2025-10-01,17,40,2.0,weekday,False,
317397572,s_1-5,1530526,1,17:30:00,2025-10-01 17:31:44+03:00,יום ד,ערב חג,181,181,4661,92.705,https://tdr.mpayer.co.il/external/recording?s=1530526&d=317397572&a=1&du=181,udrbEofisExL{EjHaCfCcAjBeAlCiBlEqDdCuCdBcCpDgGjAyBjFkJz@uA|@oAvC_Fr[wf@nBeD`GuIdH}KpE}G~MaThCoDxDwFlQsVrHoK,True,2,1.61729e-09,True,s_1-5,2025-10-01,17,40,2.0,weekday,False,
317404869,s_1-5,1530526,1,17:45:00,2025-10-01 17:45:38+03:00,יום ד,ערב חג,182,181,4661,92.1956,https://tdr.mpayer.co.il/external/recording?s=1530526&d=317404869&a=1&du=182,udrbEofisExL{EjHaCfCcAjBeAlCiBlEqDdCuCdBcCpDgGjAyBjFkJz@uA|@oAvC_Fr[wf@nBeD`GuIdH}KpE}G~MaThCoDxDwFlQsVrHoK,True,2,1.61729e-09,True,s_1-5,2025-10-01,17,40,2.0,weekday,False,
317405919,s_1-5,1530526,1,18:00:00,2025-10-01 18:01:49+03:00,יום ד,ערב חג,176,181,4661,95.3386,https://tdr.mpayer.co.il/external/recording?s=1530526&d=317405919&a=1&du=176,udrbEofisExL{EjHaCfCcAjBeAlCiBlEqDdCuCdBcCpDgGjAyBjFkJz@uA|@oAvC_Fr[wf@nBeD`GuIdH}KpE}G~MaThCoDxDwFlQsVrHoK,True,2,1.61729e-09,True,s_1-5,2025-10-01,18,40,2.0,weekday,False,
317406245,s_1-5,1530526,1,18:15:00,2025-10-01 18:15:37+03:00,יום ד,ערב חג,179,181,4661,93.7408,https://tdr.mpayer.co.il/external/recording?s=1530526&d=317406245&a=1&du=179,udrbEofisExL{EjHaCfCcAjBeAlCiBlEqDdCuCdBcCpDgGjAyBjFkJz@uA|@oAvC_Fr[wf@nBeD`GuIdH}KpE}G~MaThCoDxDwFlQsVrHoK,True,2,1.61729e-09,True,s_1-5,2025-10-01,18,40,2.0,weekday,False,
317415378,s_1-5,1530526,1,18:30:00,2025-10-01 18:31:44+03:00,יום ד,ערב חג,181,181,4661,92.705,https://tdr.mpayer.co.il/external/recording?s=1530526&d=317415378&a=1&du=181,udrbEofisExL{EjHaCfCcAjBeAlCiBlEqDdCuCdBcCpDgGjAyBjFkJz@uA|@oAvC_Fr[wf@nBeD`GuIdH}KpE}G~MaThCoDxDwFlQsVrHoK,True,2,1.61729e-09,True,s_1-5,2025-10-01,18,40,2.0,weekday,False,
317416015,s_1-5,1530526,1,18:45:00,2025-10-01 18:45:36+03:00,יום ד,ערב חג,270,181,4661,62.1467,https://tdr.mpayer.co.il/external/recording?s=1530526&d=317416015&a=1&du=270,udrbEofisExL{EjHaCfCcAjBeAlCiBlEqDdCuCdBcCpDgGjAyBjFkJz@uA|@oAvC_Fr[wf@nBeD`GuIdH}KpE}G~MaThCoDxDwFlQsVrHoK,True,2,1.61729e-09,True,s_1-5,2025-10-01,18,40,2.0,weekday,False,
317417149,s_1-5,1530526,1,19:00:00,2025-10-01 19:01:47+03:00,יום ד,ערב חג,318,181,4661,52.766,https://tdr.mpayer.co.il/external/recording?s=1530526&d=317417149&a=1&du=318,udrbEofisExL{EjHaCfCcAjBeAlCiBlEqDdCuCdBcCpDgGjAyBjFkJz@uA|@oAvC_Fr[wf@nBeD`GuIdH}KpE}G~MaThCoDxDwFlQsVrHoK,True,2,1.61729e-09,True,s_1-5,2025-10-01,19,40,2.0,weekday,False,
317422996,s_1-5,1530526,1,19:15:00,2025-10-01 19:15:38+03:00,יום ד,ערב חג,349,181,4661,48.0791,https://tdr.mpayer.co.il/external/recording?s=1530526&d=317422996&a=1&du=349,udrbEofisExL{EjHaCfCcAjBeAlCiBlEqDdCuCdBcCpDgGjAyBjFkJz@uA|@oAvC_Fr[wf@nBeD`GuIdH}KpE}G~MaThCoDxDwFlQsVrHoK,True,2,1.61729e-09,True,s_1-5,2025-10-01,19,40,2.0,weekday,False,
317423926,s_1-5,1530526,1,19:30:00,2025-10-01 19:31:44+03:00,יום ד,ערב חג,345,181,4661,48.6365,https://tdr.mpayer.co.il/external/recording?s=1530526&d=317423926&a=1&du=345,udrbEofisExL{EjHaCfCcAjBeAlCiBlEqDdCuCdBcCpDgGjAyBjFkJz@uA|@oAvC_Fr[wf@nBeD`GuIdH}KpE}G~MaThCoDxDwFlQsVrHoK,True,2,1.61729e-09,True,s_1-5,2025-10-01,19,40,2.0,weekday,False,
317431261,s_1-5,1530526,1,19:45:00,2025-10-01 19:45:37+03:00,יום ד,ערב חג,232,181,4661,72.3259,https://tdr.mpayer.co.il/external/recording?s=1530526&d=317431261&a=1&du=232,udrbEofisExL{EjHaCfCcAjBeAlCiBlEqDdCuCdBcCpDgGjAyBjFkJz@uA|@oAvC_Fr[wf@nBeD`GuIdH}KpE}G~MaThCoDxDwFlQsVrHoK,True,2,1.61729e-09,True,s_1-5,2025-10-01,19,40,2.0,weekday,False,
317432328,s_1-5,1530526,1,20:00:00,2025-10-01 20:01:43+03:00,יום ד,ערב חג,393,181,4661,42.6962,https://tdr.mpayer.co.il/external/recording?s=1530526&d=317432328&a=1&du=393,udrbEofisExL{EjHaCfCcAjBeAlCiBlEqDdCuCdBcCpDgGjAyBjFkJz@uA|@oAvC_Fr[wf@nBeD`GuIdH}KpE}G~MaThCoDxDwFlQsVrHoK,True,2,1.61729e-09,True,s_1-5,2025-10-01,20,40,2.0,weekday,False,
317432464,s_1-5,1530526,1,20:15:00,2025-10-01 20:15:37+03:00,יום ד,ערב חג,525,181,4661,31.9611,https://tdr.mpayer.co.il/external/recording?s=1530526&d=317432464&a=1&du=525,udrbEofisExL{EjHaCfCcAjBeAlCiBlEqDdCuCdBcCpDgGjAyBjFkJz@uA|@oAvC_Fr[wf@nBeD`GuIdH}KpE}G~MaThCoDxDwFlQsVrHoK,True,2,1.61729e-09,True,s_1-5,2025-10-01,20,40,2.0,weekday,False,
317440629,s_1-5,1530526,1,20:30:00,2025-10-01 20:31:43+03:00,יום ד,ערב חג,615,181,4661,27.2839,https://tdr.mpayer.co.il/external/recording?s=1530526&d=317440629&a=1&du=615,udrbEofisExL{EjHaCfCcAjBeAlCiBlEqDdCuCdBcCpDgGjAyBjFkJz@uA|@oAvC_Fr[wf@nBeD`GuIdH}KpE}G~MaThCoDxDwFlQsVrHoK,True,2,1.61729e-09,True,s_1-5,2025-10-01,20,40,2.0,weekday,False,
317440964,s_1-5,1530526,1,20:45:00,2025-10-01 20:45:38+03:00,יום ד,ערב חג,641,181,4661,26.1772,https://tdr.mpayer.co.il/external/recording?s=1530526&d=317440964&a=1&du=641,udrbEofisExL{EjHaCfCcAjBeAlCiBlEqDdCuCdBcCpDgGjAyBjFkJz@uA|@oAvC_Fr[wf@nBeD`GuIdH}KpE}G~MaThCoDxDwFlQsVrHoK,True,2,1.61729e-09,True,s_1-5,2025-10-01,20,40,2.0,weekday,False,
317446761,s_1-5,1530526,1,21:00:00,2025-10-01 21:01:44+03:00,יום ד,ערב חג,636,181,4661,26.383,https://tdr.mpayer.co.il/external/recording?s=1530526&d=317446761&a=1&du=636,udrbEofisExL{EjHaCfCcAjBeAlCiBlEqDdCuCdBcCpDgGjAyBjFkJz@uA|@oAvC_Fr[wf@nBeD`GuIdH}KpE}G~MaThCoDxDwFlQsVrHoK,True,2,1.61729e-09,True,s_1-5,2025-10-01,21,40,2.0,weekday,False,
317447133,s_1-5,1530526,1,21:15:00,2025-10-01 21:15:40+03:00,יום ד,ערב חג,709,181,4661,23.6666,https://tdr.mpayer.co.il/external/recording?s=1530526&d=317447133&a=1&du=709,udrbEofisExL{EjHaCfCcAjBeAlCiBlEqDdCuCdBcCpDgGjAyBjFkJz@uA|@oAvC_Fr[wf@nBeD`GuIdH}KpE}G~MaThCoDxDwFlQsVrHoK,True,2,1.61729e-09,True,s_1-5,2025-10-01,21,40,2.0,weekday,False,
317453103,s_1-5,1530526,1,21:30:00,2025-10-01 21:31:42+03:00,יום ד,ערב חג,405,181,4661,41.4311,https://tdr.mpayer.co.il/external/recording?s=1530526&d=317453103&a=1&du=405,udrbEofisExL{EjHaCfCcAjBeAlCiBlEqDdCuCdBcCpDgGjAyBjFkJz@uA|@oAvC_Fr[wf@nBeD`GuIdH}KpE}G~MaThCoDxDwFlQsVrHoK,True,2,1.61729e-09,True,s_1-5,2025-10-01,21,40,2.0,weekday,False,
317453478,s_1-5,1530526,1,21:45:00,2025-10-01 21:45:38+03:00,יום ד,ערב חג,406,181,4661,41.3291,https://tdr.mpayer.co.il/external/recording?s=1530526&d=317453478&a=1&du=406,udrbEofisExL{EjHaCfCcAjBeAlCiBlEqDdCuCdBcCpDgGjAyBjFkJz@uA|@oAvC_Fr[wf@nBeD`GuIdH}KpE}G~MaThCoDxDwFlQsVrHoK,True,2,1.61729e-09,True,s_1-5,2025-10-01,21,40,2.0,weekday,False,
317459199,s_1-5,1530526,1,22:00:00,2025-10-01 22:01:41+03:00,יום ד,ערב חג,381,181,4661,44.0409,https://tdr.mpayer.co.il/external/recording?s=1530526&d=317459199&a=1&du=381,udrbEofisExL{EjHaCfCcAjBeAlCiBlEqDdCuCdBcCpDgGjAyBjFkJz@uA|@oAvC_Fr[wf@nBeD`GuIdH}KpE}G~MaThCoDxDwFlQsVrHoK,True,2,1.61729e-09,True,s_1-5,2025-10-01,22,40,2.0,weekday,False,
317459557,s_1-5,1530526,1,22:15:00,2025-10-01 22:15:36+03:00,יום ד,ערב חג,188,181,4661,89.2532,https://tdr.mpayer.co.il/external/recording?s=1530526&d=317459557&a=1&du=188,udrbEofisExL{EjHaCfCcAjBeAlCiBlEqDdCuCdBcCpDgGjAyBjFkJz@uA|@oAvC_Fr[wf@nBeD`GuIdH}KpE}G~MaThCoDxDwFlQsVrHoK,True,2,1.61729e-09,True,s_1-5,2025-10-01,22,40,2.0,weekday,False,
317465528,s_1-5,1530526,1,22:30:00,2025-10-01 22:31:40+03:00,יום ד,ערב חג,188,181,4661,89.2532,https://tdr.mpayer.co.il/external/recording?s=1530526&d=317465528&a=1&du=188,udrbEofisExL{EjHaCfCcAjBeAlCiBlEqDdCuCdBcCpDgGjAyBjFkJz@uA|@oAvC_Fr[wf@nBeD`GuIdH}KpE}G~MaThCoDxDwFlQsVrHoK,True,2,1.61729e-09,True,s_1-5,2025-10-01,22,40,2.0,weekday,False,
317465903,s_1-5,1530526,1,22:45:00,2025-10-01 22:45:36+03:00,יום ד,ערב חג,188,181,4661,89.2532,https://tdr.mpayer.co.il/external/recording?s=1530526&d=317465903&a=1&du=188,udrbEofisExL{EjHaCfCcAjBeAlCiBlEqDdCuCdBcCpDgGjAyBjFkJz@uA|@oAvC_Fr[wf@nBeD`GuIdH}KpE}G~MaThCoDxDwFlQsVrHoK,True,2,1.61729e-09,True,s_1-5,2025-10-01,22,40,2.0,weekday,False,
317471537,s_1-5,1530526,1,23:00:00,2025-10-01 23:01:41+03:00,יום ד,ערב חג,190,181,4661,88.3137,https://tdr.mpayer.co.il/external/recording?s=1530526&d=317471537&a=1&du=190,udrbEofisExL{EjHaCfCcAjBeAlCiBlEqDdCuCdBcCpDgGjAyBjFkJz@uA|@oAvC_Fr[wf@nBeD`GuIdH}KpE}G~MaThCoDxDwFlQsVrHoK,True,2,1.61729e-09,True,s_1-5,2025-10-01,23,40,2.0,weekday,False,
317471910,s_1-5,1530526,1,23:15:00,2025-10-01 23:15:37+03:00,יום ד,ערב חג,193,181,4661,86.9409,https://tdr.mpayer.co.il/external/recording?s=1530526&d=317471910&a=1&du=193,udrbEofisExL{EjHaCfCcAjBeAlCiBlEqDdCuCdBcCpDgGjAyBjFkJz@uA|@oAvC_Fr[wf@nBeD`GuIdH}KpE}G~MaThCoDxDwFlQsVrHoK,True,2,1.61729e-09,True,s_1-5,2025-10-01,23,40,2.0,weekday,False,
317477625,s_1-5,1530526,1,23:30:00,2025-10-01 23:31:42+03:00,יום ד,ערב חג,198,181,4661,84.7455,https://tdr.mpayer.co.il/external/recording?s=1530526&d=317477625&a=1&du=198,udrbEofisExL{EjHaCfCcAjBeAlCiBlEqDdCuCdBcCpDgGjAyBjFkJz@uA|@oAvC_Fr[wf@nBeD`GuIdH}KpE}G~MaThCoDxDwFlQsVrHoK,True,2,1.61729e-09,True,s_1-5,2025-10-01,23,40,2.0,weekday,False,
317478264,s_1-5,1530526,1,23:45:00,2025-10-01 23:45:38+03:00,יום ד,ערב חג,197,181,4661,85.1756,https://tdr.mpayer.co.il/external/recording?s=1530526&d=317478264&a=1&du=197,udrbEofisExL{EjHaCfCcAjBeAlCiBlEqDdCuCdBcCpDgGjAyBjFkJz@uA|@oAvC_Fr[wf@nBeD`GuIdH}KpE}G~MaThCoDxDwFlQsVrHoK,True,2,1.61729e-09,True,s_1-5,2025-10-01,23,40,2.0,weekday,False,
317483090,s_1-5,1530526,1,00:00:00,2025-10-02 00:01:43+03:00,יום ה,חג,201,181,4661,83.4806,https://tdr.mpayer.co.il/external/recording?s=1530526&d=317483090&a=1&du=201,udrbEofisExL{EjHaCfCcAjBeAlCiBlEqDdCuCdBcCpDgGjAyBjFkJz@uA|@oAvC_Fr[wf@nBeD`GuIdH}KpE}G~MaThCoDxDwFlQsVrHoK,True,2,1.61729e-09,True,s_1-5,2025-10-02,0,40,3.0,holiday,True,Yom Kippur
317484105,s_1-5,1530526,1,00:15:00,2025-10-02 00:15:36+03:00,יום ה,חג,237,181,4661,70.8,https://tdr.mpayer.co.il/external/recording?s=1530526&d=317484105&a=1&du=237,udrbEofisExL{EjHaCfCcAjBeAlCiBlEqDdCuCdBcCpDgGjAyBjFkJz@uA|@oAvC_Fr[wf@nBeD`GuIdH}KpE}G~MaThCoDxDwFlQsVrHoK,True,2,1.61729e-09,True,s_1-5,2025-10-02,0,40,3.0,holiday,True,Yom Kippur
317489196,s_1-5,1530526,1,00:30:00,2025-10-02 00:31:38+03:00,יום ה,חג,215,181,4661,78.0447,https://tdr.mpayer.co.il/external/recording?s=1530526&d=317489196&a=1&du=215,udrbEofisExL{EjHaCfCcAjBeAlCiBlEqDdCuCdBcCpDgGjAyBjFkJz@uA|@oAvC_Fr[wf@nBeD`GuIdH}KpE}G~MaThCoDxDwFlQsVrHoK,True,2,1.61729e-09,True,s_1-5,2025-10-02,0,40,3.0,holiday,True,Yom Kippur
317490050,s_1-5,1530526,1,00:45:00,2025-10-02 00:45:37+03:00,יום ה,חג,204,181,4661,82.2529,https://tdr.mpayer.co.il/external/recording?s=1530526&d=317490050&a=1&du=204,udrbEofisExL{EjHaCfCcAjBeAlCiBlEqDdCuCdBcCpDgGjAyBjFkJz@uA|@oAvC_Fr[wf@nBeD`GuIdH}KpE}G~MaThCoDxDwFlQsVrHoK,True,2,1.61729e-09,True,s_1-5,2025-10-02,0,40,3.0,holiday,True,Yom Kippur
